Node,Temperature (°C),Congestion (%),Weighted Score
10,30.195855546974272,62.017175499990095,52.47077951408534
9,26.09927576039913,13.161223091590562,17.042638892233132
8,25.709809727956678,13.400338462179471,17.093179841912633
7,25.55382784385453,67.85050769528742,55.16150373985755
6,32.420057343065025,68.49016213581592,57.66913069799065
5,30.268538840729462,,
