Node,Temperature (°C),Congestion (%),Weighted Score
10,30.195855546974272,19.074568109757912,22.41095434092282
11,38.85995544987776,35.25356867068037,36.33548470443959
12,33.25989182146626,55.70562053430001,48.97190192044988
13,26.593618841927398,42.1346792140706,37.47236110242764
14,40.79748976844756,16.441380322045198,23.748213155965907
15,45.976917337408395,,
