Node,Temperature (°C),Congestion (%),Weighted Score
10,40.821819893040946,70.0336540070441,61.27010377284316
9,37.75324349654731,22.66589347298403,27.192098480053012
8,44.238064377589495,45.32267742343943,44.99729350968445
7,32.491754539821855,58.03719124772495,50.37356023535401
6,44.36890488499682,27.906828531368,32.845451437456646
5,40.901020317918594,,
