Node,Temperature (°C),Congestion (%),Weighted Score
10,40.821819893040946,67.61220475579633,59.57508929696971
11,43.44627972810668,50.61527660561332,48.464577542361326
12,48.031518080968006,67.8130006281249,61.87855586397782
13,46.541822565946916,11.931461900764633,22.314570100319315
14,27.200889575187,78.8001138995304,63.32034660222738
15,31.618375845129858,,
