Node,Temperature (°C),Congestion (%),Weighted Score
0,32.77397640333184,38.15678672361717,36.541943627531566
1,26.987976440498674,24.368890836104,25.1546165174224
2,26.75512050993836,31.51871327982866,30.08963544886157
3,32.52617820086949,58.8467646873326,50.950588741393666
4,44.74314202961216,16.259640353865635,24.804690856589588
5,30.268538840729462,,
