Node,Temperature (°C),Congestion (%),Weighted Score
0,32.77397640333184,74.0970381006213,61.700119591434465
19,46.90524088383033,48.2580071855636,47.85217729504362
18,27.687082712752076,48.864077523409314,42.51097908021214
17,40.405226499746384,27.71600467277091,31.52277122086355
16,40.652113064487935,37.34481275978856,38.33700285119837
15,45.976917337408395,,
