Node,Temperature (°C),Congestion (%),Weighted Score
0,36.02400081666396,68.22115772444457,58.56201065211038
19,34.656218191908486,36.78459563056755,36.14608239896983
18,34.319465856944305,26.630546372062348,28.93722221752693
17,29.545919337518644,79.4525258771226,64.48054391524141
16,31.583288419543138,52.63384595906779,46.31867869721039
15,31.618375845129858,,
